model_index,probe_id,json_filename,mapping_source
0,1,L1.json,legacy_lexicographic_json_filename_order
1,10,L10.json,legacy_lexicographic_json_filename_order
2,100,L100.json,legacy_lexicographic_json_filename_order
3,101,L101.json,legacy_lexicographic_json_filename_order
4,102,L102.json,legacy_lexicographic_json_filename_order
5,103,L103.json,legacy_lexicographic_json_filename_order
6,105,L105.json,legacy_lexicographic_json_filename_order
7,106,L106.json,legacy_lexicographic_json_filename_order
8,107,L107.json,legacy_lexicographic_json_filename_order
9,11,L11.json,legacy_lexicographic_json_filename_order
10,112,L112.json,legacy_lexicographic_json_filename_order
11,113,L113.json,legacy_lexicographic_json_filename_order
12,114,L114.json,legacy_lexicographic_json_filename_order
13,115,L115.json,legacy_lexicographic_json_filename_order
14,116,L116.json,legacy_lexicographic_json_filename_order
15,117,L117.json,legacy_lexicographic_json_filename_order
16,118,L118.json,legacy_lexicographic_json_filename_order
17,119,L119.json,legacy_lexicographic_json_filename_order
18,12,L12.json,legacy_lexicographic_json_filename_order
19,120,L120.json,legacy_lexicographic_json_filename_order
20,121,L121.json,legacy_lexicographic_json_filename_order
21,122,L122.json,legacy_lexicographic_json_filename_order
22,123,L123.json,legacy_lexicographic_json_filename_order
23,124,L124.json,legacy_lexicographic_json_filename_order
24,125,L125.json,legacy_lexicographic_json_filename_order
25,126,L126.json,legacy_lexicographic_json_filename_order
26,127,L127.json,legacy_lexicographic_json_filename_order
27,129,L129.json,legacy_lexicographic_json_filename_order
28,131,L131.json,legacy_lexicographic_json_filename_order
29,132,L132.json,legacy_lexicographic_json_filename_order
30,133,L133.json,legacy_lexicographic_json_filename_order
31,135,L135.json,legacy_lexicographic_json_filename_order
32,137,L137.json,legacy_lexicographic_json_filename_order
33,138,L138.json,legacy_lexicographic_json_filename_order
34,139,L139.json,legacy_lexicographic_json_filename_order
35,14,L14.json,legacy_lexicographic_json_filename_order
36,140,L140.json,legacy_lexicographic_json_filename_order
37,141,L141.json,legacy_lexicographic_json_filename_order
38,142,L142.json,legacy_lexicographic_json_filename_order
39,143,L143.json,legacy_lexicographic_json_filename_order
40,144,L144.json,legacy_lexicographic_json_filename_order
41,145,L145.json,legacy_lexicographic_json_filename_order
42,146,L146.json,legacy_lexicographic_json_filename_order
43,147,L147.json,legacy_lexicographic_json_filename_order
44,148,L148.json,legacy_lexicographic_json_filename_order
45,149,L149.json,legacy_lexicographic_json_filename_order
46,15,L15.json,legacy_lexicographic_json_filename_order
47,150,L150.json,legacy_lexicographic_json_filename_order
48,151,L151.json,legacy_lexicographic_json_filename_order
49,152,L152.json,legacy_lexicographic_json_filename_order
50,153,L153.json,legacy_lexicographic_json_filename_order
51,154,L154.json,legacy_lexicographic_json_filename_order
52,155,L155.json,legacy_lexicographic_json_filename_order
53,156,L156.json,legacy_lexicographic_json_filename_order
54,157,L157.json,legacy_lexicographic_json_filename_order
55,158,L158.json,legacy_lexicographic_json_filename_order
56,159,L159.json,legacy_lexicographic_json_filename_order
57,16,L16.json,legacy_lexicographic_json_filename_order
58,160,L160.json,legacy_lexicographic_json_filename_order
59,161,L161.json,legacy_lexicographic_json_filename_order
60,163,L163.json,legacy_lexicographic_json_filename_order
61,164,L164.json,legacy_lexicographic_json_filename_order
62,165,L165.json,legacy_lexicographic_json_filename_order
63,166,L166.json,legacy_lexicographic_json_filename_order
64,167,L167.json,legacy_lexicographic_json_filename_order
65,168,L168.json,legacy_lexicographic_json_filename_order
66,169,L169.json,legacy_lexicographic_json_filename_order
67,17,L17.json,legacy_lexicographic_json_filename_order
68,170,L170.json,legacy_lexicographic_json_filename_order
69,171,L171.json,legacy_lexicographic_json_filename_order
70,172,L172.json,legacy_lexicographic_json_filename_order
71,173,L173.json,legacy_lexicographic_json_filename_order
72,174,L174.json,legacy_lexicographic_json_filename_order
73,175,L175.json,legacy_lexicographic_json_filename_order
74,176,L176.json,legacy_lexicographic_json_filename_order
75,177,L177.json,legacy_lexicographic_json_filename_order
76,178,L178.json,legacy_lexicographic_json_filename_order
77,179,L179.json,legacy_lexicographic_json_filename_order
78,18,L18.json,legacy_lexicographic_json_filename_order
79,180,L180.json,legacy_lexicographic_json_filename_order
80,181,L181.json,legacy_lexicographic_json_filename_order
81,183,L183.json,legacy_lexicographic_json_filename_order
82,184,L184.json,legacy_lexicographic_json_filename_order
83,185,L185.json,legacy_lexicographic_json_filename_order
84,186,L186.json,legacy_lexicographic_json_filename_order
85,187,L187.json,legacy_lexicographic_json_filename_order
86,189,L189.json,legacy_lexicographic_json_filename_order
87,19,L19.json,legacy_lexicographic_json_filename_order
88,190,L190.json,legacy_lexicographic_json_filename_order
89,191,L191.json,legacy_lexicographic_json_filename_order
90,193,L193.json,legacy_lexicographic_json_filename_order
91,194,L194.json,legacy_lexicographic_json_filename_order
92,196,L196.json,legacy_lexicographic_json_filename_order
93,197,L197.json,legacy_lexicographic_json_filename_order
94,198,L198.json,legacy_lexicographic_json_filename_order
95,199,L199.json,legacy_lexicographic_json_filename_order
96,20,L20.json,legacy_lexicographic_json_filename_order
97,200,L200.json,legacy_lexicographic_json_filename_order
98,201,L201.json,legacy_lexicographic_json_filename_order
99,202,L202.json,legacy_lexicographic_json_filename_order
100,203,L203.json,legacy_lexicographic_json_filename_order
101,204,L204.json,legacy_lexicographic_json_filename_order
102,207,L207.json,legacy_lexicographic_json_filename_order
103,21,L21.json,legacy_lexicographic_json_filename_order
104,210,L210.json,legacy_lexicographic_json_filename_order
105,212,L212.json,legacy_lexicographic_json_filename_order
106,214,L214.json,legacy_lexicographic_json_filename_order
107,215,L215.json,legacy_lexicographic_json_filename_order
108,217,L217.json,legacy_lexicographic_json_filename_order
109,218,L218.json,legacy_lexicographic_json_filename_order
110,219,L219.json,legacy_lexicographic_json_filename_order
111,220,L220.json,legacy_lexicographic_json_filename_order
112,221,L221.json,legacy_lexicographic_json_filename_order
113,222,L222.json,legacy_lexicographic_json_filename_order
114,223,L223.json,legacy_lexicographic_json_filename_order
115,224,L224.json,legacy_lexicographic_json_filename_order
116,225,L225.json,legacy_lexicographic_json_filename_order
117,226,L226.json,legacy_lexicographic_json_filename_order
118,227,L227.json,legacy_lexicographic_json_filename_order
119,228,L228.json,legacy_lexicographic_json_filename_order
120,23,L23.json,legacy_lexicographic_json_filename_order
121,230,L230.json,legacy_lexicographic_json_filename_order
122,231,L231.json,legacy_lexicographic_json_filename_order
123,232,L232.json,legacy_lexicographic_json_filename_order
124,234,L234.json,legacy_lexicographic_json_filename_order
125,235,L235.json,legacy_lexicographic_json_filename_order
126,236,L236.json,legacy_lexicographic_json_filename_order
127,237,L237.json,legacy_lexicographic_json_filename_order
128,238,L238.json,legacy_lexicographic_json_filename_order
129,239,L239.json,legacy_lexicographic_json_filename_order
130,24,L24.json,legacy_lexicographic_json_filename_order
131,240,L240.json,legacy_lexicographic_json_filename_order
132,241,L241.json,legacy_lexicographic_json_filename_order
133,242,L242.json,legacy_lexicographic_json_filename_order
134,243,L243.json,legacy_lexicographic_json_filename_order
135,245,L245.json,legacy_lexicographic_json_filename_order
136,246,L246.json,legacy_lexicographic_json_filename_order
137,247,L247.json,legacy_lexicographic_json_filename_order
138,248,L248.json,legacy_lexicographic_json_filename_order
139,249,L249.json,legacy_lexicographic_json_filename_order
140,25,L25.json,legacy_lexicographic_json_filename_order
141,250,L250.json,legacy_lexicographic_json_filename_order
142,252,L252.json,legacy_lexicographic_json_filename_order
143,253,L253.json,legacy_lexicographic_json_filename_order
144,254,L254.json,legacy_lexicographic_json_filename_order
145,255,L255.json,legacy_lexicographic_json_filename_order
146,256,L256.json,legacy_lexicographic_json_filename_order
147,257,L257.json,legacy_lexicographic_json_filename_order
148,258,L258.json,legacy_lexicographic_json_filename_order
149,26,L26.json,legacy_lexicographic_json_filename_order
150,260,L260.json,legacy_lexicographic_json_filename_order
151,261,L261.json,legacy_lexicographic_json_filename_order
152,262,L262.json,legacy_lexicographic_json_filename_order
153,263,L263.json,legacy_lexicographic_json_filename_order
154,265,L265.json,legacy_lexicographic_json_filename_order
155,268,L268.json,legacy_lexicographic_json_filename_order
156,269,L269.json,legacy_lexicographic_json_filename_order
157,27,L27.json,legacy_lexicographic_json_filename_order
158,270,L270.json,legacy_lexicographic_json_filename_order
159,271,L271.json,legacy_lexicographic_json_filename_order
160,274,L274.json,legacy_lexicographic_json_filename_order
161,275,L275.json,legacy_lexicographic_json_filename_order
162,276,L276.json,legacy_lexicographic_json_filename_order
163,277,L277.json,legacy_lexicographic_json_filename_order
164,278,L278.json,legacy_lexicographic_json_filename_order
165,279,L279.json,legacy_lexicographic_json_filename_order
166,28,L28.json,legacy_lexicographic_json_filename_order
167,280,L280.json,legacy_lexicographic_json_filename_order
168,281,L281.json,legacy_lexicographic_json_filename_order
169,282,L282.json,legacy_lexicographic_json_filename_order
170,283,L283.json,legacy_lexicographic_json_filename_order
171,284,L284.json,legacy_lexicographic_json_filename_order
172,285,L285.json,legacy_lexicographic_json_filename_order
173,286,L286.json,legacy_lexicographic_json_filename_order
174,287,L287.json,legacy_lexicographic_json_filename_order
175,288,L288.json,legacy_lexicographic_json_filename_order
176,289,L289.json,legacy_lexicographic_json_filename_order
177,29,L29.json,legacy_lexicographic_json_filename_order
178,290,L290.json,legacy_lexicographic_json_filename_order
179,291,L291.json,legacy_lexicographic_json_filename_order
180,292,L292.json,legacy_lexicographic_json_filename_order
181,294,L294.json,legacy_lexicographic_json_filename_order
182,295,L295.json,legacy_lexicographic_json_filename_order
183,296,L296.json,legacy_lexicographic_json_filename_order
184,297,L297.json,legacy_lexicographic_json_filename_order
185,298,L298.json,legacy_lexicographic_json_filename_order
186,299,L299.json,legacy_lexicographic_json_filename_order
187,3,L3.json,legacy_lexicographic_json_filename_order
188,30,L30.json,legacy_lexicographic_json_filename_order
189,300,L300.json,legacy_lexicographic_json_filename_order
190,302,L302.json,legacy_lexicographic_json_filename_order
191,303,L303.json,legacy_lexicographic_json_filename_order
192,304,L304.json,legacy_lexicographic_json_filename_order
193,305,L305.json,legacy_lexicographic_json_filename_order
194,306,L306.json,legacy_lexicographic_json_filename_order
195,307,L307.json,legacy_lexicographic_json_filename_order
196,308,L308.json,legacy_lexicographic_json_filename_order
197,309,L309.json,legacy_lexicographic_json_filename_order
198,31,L31.json,legacy_lexicographic_json_filename_order
199,310,L310.json,legacy_lexicographic_json_filename_order
200,311,L311.json,legacy_lexicographic_json_filename_order
201,312,L312.json,legacy_lexicographic_json_filename_order
202,313,L313.json,legacy_lexicographic_json_filename_order
203,315,L315.json,legacy_lexicographic_json_filename_order
204,316,L316.json,legacy_lexicographic_json_filename_order
205,317,L317.json,legacy_lexicographic_json_filename_order
206,318,L318.json,legacy_lexicographic_json_filename_order
207,319,L319.json,legacy_lexicographic_json_filename_order
208,32,L32.json,legacy_lexicographic_json_filename_order
209,320,L320.json,legacy_lexicographic_json_filename_order
210,321,L321.json,legacy_lexicographic_json_filename_order
211,322,L322.json,legacy_lexicographic_json_filename_order
212,323,L323.json,legacy_lexicographic_json_filename_order
213,324,L324.json,legacy_lexicographic_json_filename_order
214,325,L325.json,legacy_lexicographic_json_filename_order
215,326,L326.json,legacy_lexicographic_json_filename_order
216,328,L328.json,legacy_lexicographic_json_filename_order
217,329,L329.json,legacy_lexicographic_json_filename_order
218,33,L33.json,legacy_lexicographic_json_filename_order
219,332,L332.json,legacy_lexicographic_json_filename_order
220,333,L333.json,legacy_lexicographic_json_filename_order
221,334,L334.json,legacy_lexicographic_json_filename_order
222,335,L335.json,legacy_lexicographic_json_filename_order
223,336,L336.json,legacy_lexicographic_json_filename_order
224,338,L338.json,legacy_lexicographic_json_filename_order
225,339,L339.json,legacy_lexicographic_json_filename_order
226,34,L34.json,legacy_lexicographic_json_filename_order
227,340,L340.json,legacy_lexicographic_json_filename_order
228,341,L341.json,legacy_lexicographic_json_filename_order
229,342,L342.json,legacy_lexicographic_json_filename_order
230,344,L344.json,legacy_lexicographic_json_filename_order
231,345,L345.json,legacy_lexicographic_json_filename_order
232,346,L346.json,legacy_lexicographic_json_filename_order
233,347,L347.json,legacy_lexicographic_json_filename_order
234,348,L348.json,legacy_lexicographic_json_filename_order
235,349,L349.json,legacy_lexicographic_json_filename_order
236,35,L35.json,legacy_lexicographic_json_filename_order
237,350,L350.json,legacy_lexicographic_json_filename_order
238,351,L351.json,legacy_lexicographic_json_filename_order
239,352,L352.json,legacy_lexicographic_json_filename_order
240,353,L353.json,legacy_lexicographic_json_filename_order
241,354,L354.json,legacy_lexicographic_json_filename_order
242,355,L355.json,legacy_lexicographic_json_filename_order
243,356,L356.json,legacy_lexicographic_json_filename_order
244,357,L357.json,legacy_lexicographic_json_filename_order
245,358,L358.json,legacy_lexicographic_json_filename_order
246,359,L359.json,legacy_lexicographic_json_filename_order
247,36,L36.json,legacy_lexicographic_json_filename_order
248,365,L365.json,legacy_lexicographic_json_filename_order
249,366,L366.json,legacy_lexicographic_json_filename_order
250,367,L367.json,legacy_lexicographic_json_filename_order
251,368,L368.json,legacy_lexicographic_json_filename_order
252,369,L369.json,legacy_lexicographic_json_filename_order
253,370,L370.json,legacy_lexicographic_json_filename_order
254,373,L373.json,legacy_lexicographic_json_filename_order
255,374,L374.json,legacy_lexicographic_json_filename_order
256,375,L375.json,legacy_lexicographic_json_filename_order
257,376,L376.json,legacy_lexicographic_json_filename_order
258,377,L377.json,legacy_lexicographic_json_filename_order
259,379,L379.json,legacy_lexicographic_json_filename_order
260,38,L38.json,legacy_lexicographic_json_filename_order
261,380,L380.json,legacy_lexicographic_json_filename_order
262,381,L381.json,legacy_lexicographic_json_filename_order
263,382,L382.json,legacy_lexicographic_json_filename_order
264,383,L383.json,legacy_lexicographic_json_filename_order
265,384,L384.json,legacy_lexicographic_json_filename_order
266,385,L385.json,legacy_lexicographic_json_filename_order
267,386,L386.json,legacy_lexicographic_json_filename_order
268,387,L387.json,legacy_lexicographic_json_filename_order
269,388,L388.json,legacy_lexicographic_json_filename_order
270,389,L389.json,legacy_lexicographic_json_filename_order
271,39,L39.json,legacy_lexicographic_json_filename_order
272,390,L390.json,legacy_lexicographic_json_filename_order
273,391,L391.json,legacy_lexicographic_json_filename_order
274,392,L392.json,legacy_lexicographic_json_filename_order
275,394,L394.json,legacy_lexicographic_json_filename_order
276,395,L395.json,legacy_lexicographic_json_filename_order
277,396,L396.json,legacy_lexicographic_json_filename_order
278,397,L397.json,legacy_lexicographic_json_filename_order
279,398,L398.json,legacy_lexicographic_json_filename_order
280,4,L4.json,legacy_lexicographic_json_filename_order
281,40,L40.json,legacy_lexicographic_json_filename_order
282,400,L400.json,legacy_lexicographic_json_filename_order
283,401,L401.json,legacy_lexicographic_json_filename_order
284,402,L402.json,legacy_lexicographic_json_filename_order
285,403,L403.json,legacy_lexicographic_json_filename_order
286,404,L404.json,legacy_lexicographic_json_filename_order
287,406,L406.json,legacy_lexicographic_json_filename_order
288,407,L407.json,legacy_lexicographic_json_filename_order
289,408,L408.json,legacy_lexicographic_json_filename_order
290,409,L409.json,legacy_lexicographic_json_filename_order
291,41,L41.json,legacy_lexicographic_json_filename_order
292,410,L410.json,legacy_lexicographic_json_filename_order
293,411,L411.json,legacy_lexicographic_json_filename_order
294,412,L412.json,legacy_lexicographic_json_filename_order
295,413,L413.json,legacy_lexicographic_json_filename_order
296,414,L414.json,legacy_lexicographic_json_filename_order
297,415,L415.json,legacy_lexicographic_json_filename_order
298,416,L416.json,legacy_lexicographic_json_filename_order
299,417,L417.json,legacy_lexicographic_json_filename_order
300,418,L418.json,legacy_lexicographic_json_filename_order
301,42,L42.json,legacy_lexicographic_json_filename_order
302,420,L420.json,legacy_lexicographic_json_filename_order
303,421,L421.json,legacy_lexicographic_json_filename_order
304,422,L422.json,legacy_lexicographic_json_filename_order
305,423,L423.json,legacy_lexicographic_json_filename_order
306,424,L424.json,legacy_lexicographic_json_filename_order
307,425,L425.json,legacy_lexicographic_json_filename_order
308,426,L426.json,legacy_lexicographic_json_filename_order
309,429,L429.json,legacy_lexicographic_json_filename_order
310,43,L43.json,legacy_lexicographic_json_filename_order
311,430,L430.json,legacy_lexicographic_json_filename_order
312,431,L431.json,legacy_lexicographic_json_filename_order
313,432,L432.json,legacy_lexicographic_json_filename_order
314,433,L433.json,legacy_lexicographic_json_filename_order
315,434,L434.json,legacy_lexicographic_json_filename_order
316,435,L435.json,legacy_lexicographic_json_filename_order
317,436,L436.json,legacy_lexicographic_json_filename_order
318,437,L437.json,legacy_lexicographic_json_filename_order
319,438,L438.json,legacy_lexicographic_json_filename_order
320,439,L439.json,legacy_lexicographic_json_filename_order
321,44,L44.json,legacy_lexicographic_json_filename_order
322,440,L440.json,legacy_lexicographic_json_filename_order
323,441,L441.json,legacy_lexicographic_json_filename_order
324,442,L442.json,legacy_lexicographic_json_filename_order
325,443,L443.json,legacy_lexicographic_json_filename_order
326,447,L447.json,legacy_lexicographic_json_filename_order
327,448,L448.json,legacy_lexicographic_json_filename_order
328,45,L45.json,legacy_lexicographic_json_filename_order
329,450,L450.json,legacy_lexicographic_json_filename_order
330,47,L47.json,legacy_lexicographic_json_filename_order
331,48,L48.json,legacy_lexicographic_json_filename_order
332,49,L49.json,legacy_lexicographic_json_filename_order
333,5,L5.json,legacy_lexicographic_json_filename_order
334,50,L50.json,legacy_lexicographic_json_filename_order
335,51,L51.json,legacy_lexicographic_json_filename_order
336,52,L52.json,legacy_lexicographic_json_filename_order
337,53,L53.json,legacy_lexicographic_json_filename_order
338,54,L54.json,legacy_lexicographic_json_filename_order
339,55,L55.json,legacy_lexicographic_json_filename_order
340,56,L56.json,legacy_lexicographic_json_filename_order
341,57,L57.json,legacy_lexicographic_json_filename_order
342,58,L58.json,legacy_lexicographic_json_filename_order
343,59,L59.json,legacy_lexicographic_json_filename_order
344,60,L60.json,legacy_lexicographic_json_filename_order
345,61,L61.json,legacy_lexicographic_json_filename_order
346,62,L62.json,legacy_lexicographic_json_filename_order
347,63,L63.json,legacy_lexicographic_json_filename_order
348,64,L64.json,legacy_lexicographic_json_filename_order
349,65,L65.json,legacy_lexicographic_json_filename_order
350,66,L66.json,legacy_lexicographic_json_filename_order
351,67,L67.json,legacy_lexicographic_json_filename_order
352,68,L68.json,legacy_lexicographic_json_filename_order
353,69,L69.json,legacy_lexicographic_json_filename_order
354,7,L7.json,legacy_lexicographic_json_filename_order
355,70,L70.json,legacy_lexicographic_json_filename_order
356,71,L71.json,legacy_lexicographic_json_filename_order
357,72,L72.json,legacy_lexicographic_json_filename_order
358,73,L73.json,legacy_lexicographic_json_filename_order
359,74,L74.json,legacy_lexicographic_json_filename_order
360,75,L75.json,legacy_lexicographic_json_filename_order
361,76,L76.json,legacy_lexicographic_json_filename_order
362,77,L77.json,legacy_lexicographic_json_filename_order
363,78,L78.json,legacy_lexicographic_json_filename_order
364,79,L79.json,legacy_lexicographic_json_filename_order
365,8,L8.json,legacy_lexicographic_json_filename_order
366,80,L80.json,legacy_lexicographic_json_filename_order
367,81,L81.json,legacy_lexicographic_json_filename_order
368,83,L83.json,legacy_lexicographic_json_filename_order
369,84,L84.json,legacy_lexicographic_json_filename_order
370,85,L85.json,legacy_lexicographic_json_filename_order
371,86,L86.json,legacy_lexicographic_json_filename_order
372,87,L87.json,legacy_lexicographic_json_filename_order
373,89,L89.json,legacy_lexicographic_json_filename_order
374,9,L9.json,legacy_lexicographic_json_filename_order
375,90,L90.json,legacy_lexicographic_json_filename_order
376,91,L91.json,legacy_lexicographic_json_filename_order
377,92,L92.json,legacy_lexicographic_json_filename_order
378,93,L93.json,legacy_lexicographic_json_filename_order
379,94,L94.json,legacy_lexicographic_json_filename_order
380,95,L95.json,legacy_lexicographic_json_filename_order
381,97,L97.json,legacy_lexicographic_json_filename_order
382,98,L98.json,legacy_lexicographic_json_filename_order
383,99,L99.json,legacy_lexicographic_json_filename_order
